<?xml version="1.0" encoding="UTF-8"?>
<!DOCTYPE mapper
PUBLIC "-//mybatis.org//DTD Mapper 3.0//EN"
"http://mybatis.org/dtd/mybatis-3-mapper.dtd">
<mapper namespace="com.lbi.mapper.BoardMapper">

<!-- 게시판 등록 -->
<insert id="enroll">
	insert into lbi_board(title, content, writer) values (#{title},#{content},#{writer})
</insert>

<!-- 게시판 목록 -->
<select id="getList" resultType="com.lbi.model.BoardVO">
	select * from lbi_board
</select>
<!-- 게시판 조회 -->
    <select id="getPage" resultType="com.lbi.model.BoardVO">
    
        select * from lbi_board where bno = #{bno}
    
    </select>
    
<!-- 게시판 수정 -->
 <update id="modify">
        update lbi_board set title = #{title}, content = #{content}, updatedate = sysdate where bno = #{bno}
    </update>
    
 <!-- 게시판 삭제 -->
 <delete id="delete">
 	delete from lbi_board where bno = #{bno}
 </delete>
 
 <!-- 게시물 총 개숫 -->
    <select id="getTotal" resultType="int">
    
        select count(*) from lbi_board
    
    </select>
 
 	<!-- 게시물 목록(페이징) -->
 	<select id="getListPaging" resultType="com.lbi.model.BoardVO">
     <![CDATA[
        
        select bno, title, content, writer, regdate, updatedate from(
        
                select /*+INDEX_DESC(lbi_board pk_board) */ rownum  as rn, bno, title, content, writer, regdate, updatedate
                  
                from lbi_board where rownum <= #{pageNum} * #{amount}) 
                
        where rn > (#{pageNum} -1) * #{amount}
    
    ]]>
    
 
 </select>
</mapper>